{"name":"Halloween","builders":["Leyna","Seelenretterin"],"spawn":{"x":0.631631510259485,"y":65.0,"z":0.8702123669726457,"yaw":-1.6499972,"pitch":-13.049978}}