{"name":"world","builders":["\"Leyna","OneLiteFeather\""],"spawn":{"x":0.7444694098289013,"y":66.41907680838575,"z":-3.3218540318754877,"yaw":-36.29947,"pitch":-1.9499706}}